[
  {
    "model": "shop.category",
    "pk": 1,
    "fields": {
      "name": "Цементы"
    }
  },
  {
    "model": "shop.category",
    "pk": 2,
    "fields": {
      "name": "Сухие смеси"
    }
  },
  {
    "model": "shop.category",
    "pk": 3,
    "fields": {
      "name": "Гипсокартон"
    }
  },
  {
    "model": "shop.category",
    "pk": 4,
    "fields": {
      "name": "Инструменты"
    }
  },

  {
    "model": "shop.product",
    "pk": 1,
    "fields": {
      "category": 1,
      "name": "Цемент М500 Knauf 50 кг",
      "description": "Высокопрочный портландцемент для строительных и ремонтных работ. Подходит для фундамента, стяжек и кладки.",
      "price": "450.00"
    }
  },
  {
    "model": "shop.product",
    "pk": 2,
    "fields": {
      "category": 1,
      "name": "Цемент М400 универсальный 25 кг",
      "description": "Универсальный цемент для внутренних и наружных работ. Отличная адгезия и прочность.",
      "price": "290.00"
    }
  },

  {
    "model": "shop.product",
    "pk": 3,
    "fields": {
      "category": 2,
      "name": "Knauf Rotband 30 кг",
      "description": "Гипсовая штукатурка для выравнивания стен и потолков. Лёгкое нанесение, гладкая поверхность.",
      "price": "520.00"
    }
  },
  {
    "model": "shop.product",
    "pk": 4,
    "fields": {
      "category": 2,
      "name": "Knauf MP 75 30 кг",
      "description": "Машинная гипсовая штукатурка для внутренних работ. Высокая производительность.",
      "price": "540.00"
    }
  },

  {
    "model": "shop.product",
    "pk": 5,
    "fields": {
      "category": 3,
      "name": "Гипсокартон Knauf 12.5 мм",
      "description": "Стандартный гипсокартонный лист для перегородок и потолков.",
      "price": "410.00"
    }
  },
  {
    "model": "shop.product",
    "pk": 6,
    "fields": {
      "category": 3,
      "name": "Гипсокартон влагостойкий Knauf",
      "description": "Влагостойкий гипсокартон для ванных комнат и кухонь.",
      "price": "480.00"
    }
  },

  {
    "model": "shop.product",
    "pk": 7,
    "fields": {
      "category": 4,
      "name": "Шпатель фасадный 350 мм",
      "description": "Профессиональный шпатель для штукатурных и шпаклёвочных работ.",
      "price": "190.00"
    }
  },
  {
    "model": "shop.product",
    "pk": 8,
    "fields": {
      "category": 4,
      "name": "Уровень строительный 60 см",
      "description": "Алюминиевый уровень для точных измерений при строительстве.",
      "price": "650.00"
    }
  }
]